       1, 0.142857, 0, 0, 0, 0, 0, 0, 0, 0, 0
       2, 0.0526316, 0.0526316, 0.0526316, 0.0526316, 0.0526316, 0.0526316, 0.0526316, 0, 0, 0
       3, 0.027027, 0.0540541, 0.0810811, 0.0810811, 0.0810811, 0.0540541, 0.0540541, 0.0540541, 0.027027, 0
       4, 0.0163934, 0.0491803, 0.0819672, 0.114754, 0.131148, 0.131148, 0.0655738, 0.0163934, 0, 0
       5, 0.010989, 0.032967, 0.0769231, 0.120879, 0.153846, 0.164835, 0.0989011, 0.010989, 0, 0
       6, 0.00787402, 0.0393701, 0.0944882, 0.165354, 0.188976, 0.11811, 0.0708661, 0.0314961, 0, 0
       7, 0.00591716, 0.035503, 0.0828402, 0.142012, 0.195266, 0.183432, 0.0828402, 0.0177515, 0.00591716, 0
       8, 0.00460829, 0.0276498, 0.101382, 0.193548, 0.221198, 0.147465, 0.0645161, 0.0184332, 0, 0
       9, 0.00369004, 0.0295203, 0.095941, 0.217712, 0.258303, 0.162362, 0.0332103, 0, 0, 0
      10, 0.00302115, 0.021148, 0.0966767, 0.223565, 0.277946, 0.163142, 0.0332326, 0, 0, 0
      11, 0.00251889, 0.02267, 0.0982368, 0.241814, 0.289673, 0.156171, 0.02267, 0, 0, 0
      12, 0.0021322, 0.021322, 0.0938166, 0.238806, 0.302772, 0.166311, 0.021322, 0, 0, 0
      13, 0.00182815, 0.0182815, 0.095064, 0.241316, 0.319927, 0.166362, 0.0146252, 0, 0, 0
      14, 0.00158479, 0.0206022, 0.0966719, 0.277338, 0.323296, 0.142631, 0.00475436, 0, 0, 0
      15, 0.00138696, 0.0152566, 0.101248, 0.298197, 0.330097, 0.126214, 0.00277393, 0, 0, 0
      16, 0.00122399, 0.0171359, 0.0991432, 0.282742, 0.342717, 0.134639, 0.00489596, 0, 0, 0
      17, 0.00108814, 0.0141458, 0.0924918, 0.304679, 0.351469, 0.118607, 0.00652884, 0, 0, 0
      18, 0.00097371, 0.0155794, 0.0954236, 0.307692, 0.361246, 0.109056, 0.00486855, 0, 0, 0
      19, 0.000876424, 0.0148992, 0.102542, 0.325153, 0.364592, 0.0920245, 0, 0, 0, 0
      20, 0.000793021, 0.0118953, 0.0959556, 0.33069, 0.375892, 0.0896114, 0, 0, 0, 0
      21, 0.000720981, 0.0136986, 0.103821, 0.34535, 0.372747, 0.0720981, 0.000720981, 0, 0, 0
      22, 0.000658328, 0.0118499, 0.100066, 0.35418, 0.36998, 0.076366, 0, 0, 0, 0
      23, 0.0006035, 0.0126735, 0.102595, 0.362704, 0.371756, 0.066385, 0, 0, 0, 0
      24, 0.000555247, 0.0105497, 0.0977235, 0.375902, 0.378679, 0.0566352, 0, 0, 0, 0
      25, 0.000512558, 0.0112763, 0.100461, 0.37673, 0.375192, 0.0589441, 0, 0, 0, 0
      26, 0.000474608, 0.0104414, 0.101566, 0.393925, 0.36972, 0.0498339, 0, 0, 0, 0
      27, 0.000440723, 0.0096959, 0.0965183, 0.391362, 0.379462, 0.0511238, 0, 0, 0, 0
      28, 0.000410341, 0.0102585, 0.101354, 0.391465, 0.378334, 0.0492409, 0, 0, 0, 0
      29, 0.000382995, 0.00880889, 0.0965147, 0.406358, 0.376867, 0.0444274, 0, 0, 0, 0
      30, 0.000358295, 0.00967395, 0.106055, 0.420279, 0.362236, 0.0369043, 0, 0, 0, 0
      31, 0.000335909, 0.00906953, 0.101444, 0.422573, 0.368492, 0.0356063, 0, 0, 0, 0
      32, 0.000315557, 0.00852004, 0.101925, 0.434522, 0.365415, 0.0287157, 0, 0, 0, 0
      33, 0.000297, 0.00831601, 0.0989011, 0.43659, 0.36828, 0.028809, 0, 0, 0, 0
      34, 0.000280034, 0.00784094, 0.101372, 0.445253, 0.368524, 0.0196024, 0, 0, 0, 0
      35, 0.00026448, 0.00793441, 0.0949484, 0.443533, 0.374769, 0.0230098, 0, 0, 0, 0
      36, 0.000250188, 0.00775582, 0.0993245, 0.452339, 0.362022, 0.0242682, 0, 0, 0, 0
      37, 0.000237023, 0.00711069, 0.0988386, 0.45698, 0.366438, 0.0177767, 0, 0, 0, 0
      38, 0.000224871, 0.0076456, 0.100967, 0.464358, 0.360468, 0.0150663, 0, 0, 0, 0
      39, 0.00021363, 0.00704978, 0.0995514, 0.462935, 0.366375, 0.0138859, 0, 0, 0, 0
      40, 0.000203211, 0.00690916, 0.102012, 0.477952, 0.35318, 0.0109734, 0, 0, 0, 0
      41, 0.000193536, 0.00696729, 0.0963809, 0.477453, 0.359977, 0.0114186, 0, 0, 0, 0
      42, 0.000184536, 0.00645876, 0.101864, 0.479793, 0.354309, 0.0108876, 0, 0, 0, 0
      43, 0.000176149, 0.00669368, 0.100229, 0.488462, 0.346486, 0.0125066, 0, 0, 0, 0
      44, 0.000168322, 0.00622791, 0.100825, 0.494025, 0.344723, 0.00959434, 0, 0, 0, 0
      45, 0.000161005, 0.00660119, 0.101433, 0.492352, 0.346804, 0.00917727, 0, 0, 0, 0
      46, 0.000154154, 0.00601202, 0.100817, 0.498073, 0.345152, 0.00724526, 0, 0, 0, 0
      47, 0.000147732, 0.00590929, 0.101935, 0.508347, 0.336386, 0.00561383, 0, 0, 0, 0
      48, 0.000141703, 0.00595154, 0.101885, 0.514666, 0.330452, 0.00609324, 0, 0, 0, 0
      49, 0.000136036, 0.00557747, 0.0968576, 0.510815, 0.34145, 0.00516936, 0, 0, 0, 0
      50, 0.000130702, 0.00588158, 0.10247, 0.515227, 0.331591, 0.00548948, 0, 0, 0, 0
      51, 0.000125676, 0.00527837, 0.100038, 0.530728, 0.322232, 0.00314189, 0, 0, 0, 0
      52, 0.000120934, 0.00556295, 0.100133, 0.524731, 0.327125, 0.00459548, 0, 0, 0, 0
      53, 0.000116455, 0.00535693, 0.101549, 0.533481, 0.318738, 0.00372656, 0, 0, 0, 0
      54, 0.000112221, 0.00516216, 0.0998766, 0.532825, 0.322859, 0.00280552, 0, 0, 0, 0
      55, 0.000108213, 0.00508603, 0.100963, 0.534574, 0.320745, 0.00281355, 0, 0, 0, 0
      56, 0.000104417, 0.00480317, 0.0983607, 0.541923, 0.317532, 0.00219275, 0, 0, 0, 0
      57, 0.000100817, 0.00534328, 0.104547, 0.549047, 0.305172, 0.00131062, 0, 0, 0, 0
      58, 9.73994e-05, 0.00467517, 0.0976916, 0.543294, 0.318107, 0.00224019, 0, 0, 0, 0
      59, 9.41531e-05, 0.00480181, 0.100367, 0.551455, 0.309387, 0.000564919, 0, 0, 0, 0
      60, 9.10664e-05, 0.00473545, 0.101539, 0.554776, 0.304526, 0.00154813, 0, 0, 0, 0
      61, 8.8129e-05, 0.00458271, 0.0970301, 0.556094, 0.30898, 0.000969419, 0, 0, 0, 0
      62, 8.53315e-05, 0.00477856, 0.10163, 0.559775, 0.301306, 0.000682652, 0, 0, 0, 0
      63, 8.26651e-05, 0.00446392, 0.0978755, 0.564024, 0.301232, 0.00107465, 0, 0, 0, 0
      64, 8.01218e-05, 0.00432658, 0.100232, 0.562215, 0.301098, 0.00128195, 0, 0, 0, 0
      65, 7.7694e-05, 0.00458395, 0.101468, 0.567011, 0.296014, 0.000543858, 0, 0, 0, 0
      66, 7.5375e-05, 0.004221, 0.102133, 0.582724, 0.280923, 7.5375e-05, 0, 0, 0, 0
      67, 7.31582e-05, 0.00424318, 0.0994952, 0.574219, 0.291901, 0.000658424, 0, 0, 0, 0
      68, 7.10379e-05, 0.00419123, 0.101939, 0.578674, 0.285927, 0.000213114, 0, 0, 0, 0
      69, 6.90084e-05, 0.00400248, 0.099303, 0.58388, 0.283831, 0.000345042, 0, 0, 0, 0
      70, 6.70646e-05, 0.004158, 0.0990544, 0.57984, 0.288512, 0.000201194, 0, 0, 0, 0
      71, 6.52018e-05, 0.00397731, 0.102171, 0.588837, 0.277173, 0, 0, 0, 0, 0
      72, 6.34156e-05, 0.0040586, 0.101211, 0.591096, 0.275985, 0.000190247, 0, 0, 0, 0
      73, 6.17017e-05, 0.00382551, 0.0998951, 0.587401, 0.281607, 0.000185105, 0, 0, 0, 0
      74, 6.00565e-05, 0.00390367, 0.100354, 0.598763, 0.270194, 6.00565e-05, 0, 0, 0, 0
      75, 5.84761e-05, 0.00374247, 0.100111, 0.597918, 0.271738, 0.000116952, 0, 0, 0, 0
      76, 5.69573e-05, 0.00375918, 0.100245, 0.595774, 0.274079, 0.000113915, 0, 0, 0, 0
      77, 5.5497e-05, 0.0037183, 0.0994506, 0.603641, 0.267384, 0.000110994, 0, 0, 0, 0
      78, 5.40921e-05, 0.00362417, 0.100719, 0.606318, 0.263861, 0.000108184, 0, 0, 0, 0
      79, 5.27398e-05, 0.00379727, 0.102104, 0.605875, 0.263066, 0.00010548, 0, 0, 0, 0
      80, 5.14377e-05, 0.00339489, 0.099069, 0.612057, 0.260635, 0.000102875, 0, 0, 0, 0
      81, 5.01832e-05, 0.00351282, 0.098911, 0.611883, 0.261203, 5.01832e-05, 0, 0, 0, 0
      82, 4.8974e-05, 0.00352613, 0.0990744, 0.610608, 0.262403, 0.00024487, 0, 0, 0, 0
      83, 4.7808e-05, 0.00339437, 0.0998231, 0.617201, 0.255725, 0, 0, 0, 0, 0
      84, 4.66832e-05, 0.00345455, 0.101349, 0.620653, 0.250969, 0, 0, 0, 0, 0
      85, 4.55976e-05, 0.00319183, 0.0990835, 0.618987, 0.255346, 9.11951e-05, 0, 0, 0, 0
      86, 4.45494e-05, 0.0035194, 0.101439, 0.621731, 0.250234, 4.45494e-05, 0, 0, 0, 0
      87, 4.35369e-05, 0.00326527, 0.100396, 0.624363, 0.249162, 4.35369e-05, 0, 0, 0, 0
      88, 4.25586e-05, 0.00327701, 0.102396, 0.621228, 0.250585, 0, 0, 0, 0, 0
      89, 4.16129e-05, 0.00316258, 0.0992052, 0.631975, 0.243394, 0, 0, 0, 0, 0
      90, 4.06984e-05, 0.00321517, 0.100688, 0.626592, 0.247446, 4.06984e-05, 0, 0, 0, 0
      91, 3.98137e-05, 0.00318509, 0.0996138, 0.629136, 0.246287, 0, 0, 0, 0, 0
      92, 3.89575e-05, 0.00315556, 0.101913, 0.632475, 0.240913, 0, 0, 0, 0, 0
      93, 3.81286e-05, 0.00312655, 0.102147, 0.640371, 0.233042, 0, 0, 0, 0, 0
      94, 3.7326e-05, 0.0030234, 0.101265, 0.63917, 0.235452, 0, 0, 0, 0, 0
      95, 3.65484e-05, 0.00296042, 0.101056, 0.641643, 0.233471, 0, 0, 0, 0, 0
      96, 3.57948e-05, 0.00300677, 0.101478, 0.64377, 0.231056, 3.57948e-05, 0, 0, 0, 0
      97, 3.50643e-05, 0.0029454, 0.0992321, 0.645745, 0.231635, 0, 0, 0, 0, 0
      98, 3.4356e-05, 0.00292026, 0.0987735, 0.646408, 0.231662, 0, 0, 0, 0, 0
      99, 3.36689e-05, 0.00289553, 0.100636, 0.649035, 0.2274, 0, 0, 0, 0, 0
     100, 3.30022e-05, 0.00280519, 0.100525, 0.64955, 0.227286, 0, 0, 0, 0, 0
     101, 3.23551e-05, 0.00284725, 0.0992332, 0.649206, 0.229042, 3.23551e-05, 0, 0, 0, 0
     102, 3.17269e-05, 0.00276024, 0.100003, 0.653542, 0.224246, 0, 0, 0, 0, 0
     103, 3.11168e-05, 0.00273828, 0.0976133, 0.652737, 0.227619, 3.11168e-05, 0, 0, 0, 0
     104, 3.05241e-05, 0.00271664, 0.0993254, 0.653307, 0.225573, 0, 0, 0, 0, 0
     105, 2.99482e-05, 0.00278518, 0.100716, 0.656764, 0.220838, 0, 0, 0, 0, 0
     106, 2.93884e-05, 0.0027919, 0.101126, 0.654098, 0.223264, 0, 0, 0, 0, 0
     107, 2.88442e-05, 0.00253829, 0.0987914, 0.656437, 0.223687, 0, 0, 0, 0, 0
     108, 2.8315e-05, 0.00280318, 0.102245, 0.659965, 0.21661, 0, 0, 0, 0, 0
     109, 2.78002e-05, 0.00258542, 0.0989408, 0.661394, 0.218843, 2.78002e-05, 0, 0, 0, 0
     110, 2.72993e-05, 0.00264803, 0.100844, 0.664956, 0.213508, 0, 0, 0, 0, 0
     111, 2.68118e-05, 0.00260075, 0.100223, 0.665818, 0.213476, 0, 0, 0, 0, 0
     112, 2.63373e-05, 0.0024757, 0.0995549, 0.665938, 0.214306, 0, 0, 0, 0, 0
     113, 2.58752e-05, 0.0026134, 0.100603, 0.666391, 0.212824, 0, 0, 0, 0, 0
     114, 2.54252e-05, 0.00246625, 0.100862, 0.668328, 0.210928, 0, 0, 0, 0, 0
     115, 2.49869e-05, 0.00259864, 0.101172, 0.670823, 0.208141, 0, 0, 0, 0, 0
     116, 2.45598e-05, 0.00245598, 0.0995162, 0.673306, 0.207604, 0, 0, 0, 0, 0
     117, 2.41435e-05, 0.00248678, 0.100316, 0.673049, 0.207175, 0, 0, 0, 0, 0
     118, 2.37377e-05, 0.00239751, 0.100553, 0.6709, 0.209319, 0, 0, 0, 0, 0
     119, 2.33421e-05, 0.00242758, 0.100301, 0.677132, 0.20345, 0, 0, 0, 0, 0
     120, 2.29563e-05, 0.00243337, 0.101651, 0.680104, 0.199261, 0, 0, 0, 0, 0
     121, 2.258e-05, 0.0023709, 0.0987649, 0.678777, 0.203672, 0, 0, 0, 0, 0
     122, 2.22128e-05, 0.00231014, 0.100091, 0.681179, 0.200138, 0, 0, 0, 0, 0
     123, 2.18546e-05, 0.00233844, 0.0996787, 0.684529, 0.197303, 0, 0, 0, 0, 0
     124, 2.15049e-05, 0.00238705, 0.100299, 0.681362, 0.199931, 0, 0, 0, 0, 0
     125, 2.11636e-05, 0.0022645, 0.100442, 0.684028, 0.197371, 0, 0, 0, 0, 0
     126, 2.08303e-05, 0.00235382, 0.10036, 0.686442, 0.195076, 0, 0, 0, 0, 0
     127, 2.05048e-05, 0.00227604, 0.100986, 0.684328, 0.196764, 0, 0, 0, 0, 0
     128, 2.01869e-05, 0.00226094, 0.100793, 0.690555, 0.190867, 0, 0, 0, 0, 0
     129, 1.98764e-05, 0.00222615, 0.100674, 0.688478, 0.193218, 0, 0, 0, 0, 0
     130, 1.95729e-05, 0.00227046, 0.100429, 0.688399, 0.193615, 0, 0, 0, 0, 0
     131, 1.92764e-05, 0.00215895, 0.101085, 0.690441, 0.191144, 0, 0, 0, 0, 0
     132, 1.89865e-05, 0.00224041, 0.101407, 0.692722, 0.188574, 0, 0, 0, 0, 0
     133, 1.87031e-05, 0.00218827, 0.100006, 0.691941, 0.190922, 0, 0, 0, 0, 0
     134, 1.8426e-05, 0.00213742, 0.100919, 0.695067, 0.187043, 0, 0, 0, 0, 0
     135, 1.81551e-05, 0.00217861, 0.101215, 0.69327, 0.188613, 0, 0, 0, 0, 0
     136, 1.789e-05, 0.00205736, 0.100453, 0.698284, 0.18459, 0, 0, 0, 0, 0
     137, 1.76308e-05, 0.00215095, 0.100372, 0.696804, 0.186163, 0, 0, 0, 0, 0
     138, 1.73771e-05, 0.0020505, 0.0997967, 0.701444, 0.182303, 0, 0, 0, 0, 0
     139, 1.71289e-05, 0.00210685, 0.100409, 0.696973, 0.186208, 0, 0, 0, 0, 0
     140, 1.68859e-05, 0.00206008, 0.10042, 0.699363, 0.183955, 0, 0, 0, 0, 0
     141, 1.66481e-05, 0.00203107, 0.101004, 0.700634, 0.18223, 0, 0, 0, 0, 0
     142, 1.64152e-05, 0.00210115, 0.101134, 0.70098, 0.181782, 0, 0, 0, 0, 0
     143, 1.61873e-05, 0.00195866, 0.0998106, 0.703433, 0.180893, 0, 0, 0, 0, 0
     144, 1.5964e-05, 0.00205935, 0.102026, 0.704714, 0.177392, 0, 0, 0, 0, 0
     145, 1.57453e-05, 0.00198391, 0.100172, 0.704524, 0.179607, 0, 0, 0, 0, 0
     146, 1.55311e-05, 0.00200351, 0.101744, 0.706323, 0.176309, 0, 0, 0, 0, 0
     147, 1.53212e-05, 0.00196111, 0.100262, 0.709387, 0.174861, 0, 0, 0, 0, 0
     148, 1.51156e-05, 0.00194991, 0.100775, 0.707741, 0.176096, 0, 0, 0, 0, 0
     149, 1.4914e-05, 0.00192391, 0.101117, 0.710713, 0.172898, 0, 0, 0, 0, 0
     150, 1.47165e-05, 0.00194258, 0.0999102, 0.711027, 0.173861, 0, 0, 0, 0, 0
     151, 1.45229e-05, 0.00193154, 0.100701, 0.710618, 0.173577, 0, 0, 0, 0, 0
     152, 1.4333e-05, 0.00186329, 0.100632, 0.712523, 0.171896, 0, 0, 0, 0, 0
     153, 1.41469e-05, 0.00188153, 0.0994667, 0.714672, 0.170979, 0, 0, 0, 0, 0
     154, 1.39643e-05, 0.00188519, 0.100362, 0.71665, 0.168186, 0, 0, 0, 0, 0
     155, 1.37853e-05, 0.0018748, 0.101184, 0.715209, 0.168898, 0, 0, 0, 0, 0
     156, 1.36097e-05, 0.00185092, 0.100998, 0.715789, 0.168611, 0, 0, 0, 0, 0
     157, 1.34374e-05, 0.00188124, 0.10023, 0.717518, 0.167699, 0, 0, 0, 0, 0
     158, 1.32684e-05, 0.0018045, 0.100641, 0.719267, 0.165696, 0, 0, 0, 0, 0
     159, 1.31026e-05, 0.00184746, 0.100863, 0.720889, 0.163887, 0, 0, 0, 0, 0
     160, 1.29398e-05, 0.00175981, 0.0996105, 0.719582, 0.166613, 0, 0, 0, 0, 0
     161, 1.278e-05, 0.00180199, 0.100055, 0.722648, 0.163137, 0, 0, 0, 0, 0
     162, 1.26232e-05, 0.00177988, 0.100027, 0.724107, 0.161805, 0, 0, 0, 0, 0
     163, 1.24693e-05, 0.00175817, 0.100315, 0.722783, 0.162936, 0, 0, 0, 0, 0
     164, 1.23182e-05, 0.00182309, 0.10059, 0.721314, 0.164139, 0, 0, 0, 0, 0
     165, 1.21697e-05, 0.00170376, 0.10068, 0.724793, 0.160762, 0, 0, 0, 0, 0
     166, 1.2024e-05, 0.0017555, 0.100412, 0.724133, 0.161711, 0, 0, 0, 0, 0
     167, 1.18809e-05, 0.00172272, 0.0993002, 0.72617, 0.160891, 0, 0, 0, 0, 0
     168, 1.17403e-05, 0.00171408, 0.0996396, 0.729375, 0.157425, 0, 0, 0, 0, 0
     169, 1.16021e-05, 0.00174032, 0.100277, 0.724716, 0.16149, 0, 0, 0, 0, 0
     170, 1.14664e-05, 0.00168557, 0.101558, 0.728624, 0.156425, 0, 0, 0, 0, 0
     171, 1.13331e-05, 0.00166597, 0.100479, 0.730397, 0.155819, 0, 0, 0, 0, 0
     172, 1.12021e-05, 0.00170272, 0.100292, 0.730063, 0.15637, 0, 0, 0, 0, 0
     173, 1.10733e-05, 0.00170529, 0.100413, 0.730353, 0.156023, 0, 0, 0, 0, 0
     174, 1.09468e-05, 0.00163107, 0.100251, 0.732887, 0.153791, 0, 0, 0, 0, 0
     175, 1.08224e-05, 0.00167747, 0.0999881, 0.731302, 0.155658, 0, 0, 0, 0, 0
     176, 1.07001e-05, 0.00161572, 0.100431, 0.73499, 0.151653, 0, 0, 0, 0, 0
     177, 1.05799e-05, 0.00163988, 0.0993028, 0.736476, 0.151335, 0, 0, 0, 0, 0
     178, 1.04617e-05, 0.00164248, 0.101018, 0.733457, 0.152699, 0, 0, 0, 0, 0
     179, 1.03454e-05, 0.00162423, 0.100227, 0.735302, 0.151726, 0, 0, 0, 0, 0
     180, 1.02311e-05, 0.00157559, 0.100265, 0.738094, 0.149006, 0, 0, 0, 0, 0
     181, 1.01187e-05, 0.00159875, 0.0994971, 0.736509, 0.151396, 0, 0, 0, 0, 0
     182, 1.00081e-05, 0.00159129, 0.0991503, 0.737477, 0.150842, 0, 0, 0, 0, 0
     183, 9.89932e-06, 0.00158389, 0.10034, 0.739875, 0.147322, 0, 0, 0, 0, 0
     184, 9.79231e-06, 0.00159615, 0.100479, 0.738105, 0.149, 0, 0, 0, 0, 0
     185, 9.68701e-06, 0.0015693, 0.101152, 0.740378, 0.146138, 0, 0, 0, 0, 0
     186, 9.58341e-06, 0.0015621, 0.100204, 0.74167, 0.145859, 0, 0, 0, 0, 0
     187, 9.48146e-06, 0.00150755, 0.0991287, 0.741498, 0.147219, 0, 0, 0, 0, 0
     188, 9.38113e-06, 0.00159479, 0.100265, 0.742479, 0.14507, 0, 0, 0, 0, 0
     189, 9.28238e-06, 0.00152231, 0.100175, 0.744725, 0.143041, 0, 0, 0, 0, 0
     190, 9.18518e-06, 0.00150637, 0.0998246, 0.742053, 0.146136, 0, 0, 0, 0, 0
     191, 9.0895e-06, 0.00157248, 0.101493, 0.745312, 0.141196, 0, 0, 0, 0, 0
     192, 8.99531e-06, 0.00147523, 0.101134, 0.745037, 0.141982, 0, 0, 0, 0, 0
     193, 8.90258e-06, 0.00153124, 0.0996288, 0.746463, 0.142058, 0, 0, 0, 0, 0
     194, 8.81127e-06, 0.00147148, 0.100457, 0.744288, 0.143518, 0, 0, 0, 0, 0
     195, 8.72136e-06, 0.00150007, 0.100313, 0.746112, 0.141862, 0, 0, 0, 0, 0
     196, 8.63282e-06, 0.00148485, 0.100287, 0.745953, 0.142113, 0, 0, 0, 0, 0
     197, 8.54562e-06, 0.00146985, 0.100582, 0.749562, 0.138277, 0, 0, 0, 0, 0
     198, 8.45974e-06, 0.00147199, 0.100865, 0.748594, 0.13901, 0, 0, 0, 0, 0
     199, 8.37514e-06, 0.0014489, 0.0998317, 0.748578, 0.140133, 0, 0, 0, 0, 0
     200, 8.29181e-06, 0.00145107, 0.100198, 0.749314, 0.139078, 0, 0, 0, 0, 0
     201, 8.20971e-06, 0.00144491, 0.0997069, 0.752182, 0.136757, 0, 0, 0, 0, 0
     202, 8.12883e-06, 0.0014388, 0.100635, 0.74977, 0.138296, 0, 0, 0, 0, 0
     203, 8.04913e-06, 0.00141665, 0.100373, 0.751467, 0.136932, 0, 0, 0, 0, 0
     204, 7.9706e-06, 0.00141877, 0.100533, 0.753987, 0.134297, 0, 0, 0, 0, 0
     205, 7.89322e-06, 0.0013971, 0.0996203, 0.75295, 0.136316, 0, 0, 0, 0, 0
     206, 7.81696e-06, 0.00141487, 0.0992128, 0.755829, 0.133873, 0, 0, 0, 0, 0
     207, 7.7418e-06, 0.00137804, 0.100009, 0.753617, 0.135373, 0, 0, 0, 0, 0
     208, 7.66771e-06, 0.00138786, 0.0999103, 0.75356, 0.135565, 0, 0, 0, 0, 0
     209, 7.59469e-06, 0.00141261, 0.0995891, 0.754547, 0.13492, 0, 0, 0, 0, 0
     210, 7.5227e-06, 0.00138418, 0.100669, 0.757739, 0.130722, 0, 0, 0, 0, 0
     211, 7.45173e-06, 0.00137112, 0.100516, 0.754771, 0.1339, 0, 0, 0, 0, 0
     212, 7.38176e-06, 0.00138039, 0.100466, 0.75652, 0.132237, 0, 0, 0, 0, 0
     213, 7.31277e-06, 0.00138943, 0.100346, 0.757494, 0.131418, 0, 0, 0, 0, 0
     214, 7.24475e-06, 0.00132579, 0.100072, 0.75838, 0.130913, 0, 0, 0, 0, 0
     215, 7.17767e-06, 0.00139247, 0.100107, 0.759268, 0.129966, 0, 0, 0, 0, 0
     216, 7.11152e-06, 0.00132274, 0.100059, 0.759375, 0.13002, 0, 0, 0, 0, 0
     217, 7.04627e-06, 0.00134584, 0.0999725, 0.75863, 0.13087, 0, 0, 0, 0, 0
     218, 6.98192e-06, 0.00134053, 0.100379, 0.759577, 0.129564, 0, 0, 0, 0, 0
     219, 6.91845e-06, 0.00128683, 0.0998471, 0.762005, 0.127763, 0, 0, 0, 0, 0
     220, 6.85584e-06, 0.00134375, 0.100404, 0.760978, 0.128218, 0, 0, 0, 0, 0
     221, 6.79408e-06, 0.00129767, 0.0998186, 0.762914, 0.126954, 0, 0, 0, 0, 0
     222, 6.73315e-06, 0.00130623, 0.0997515, 0.761963, 0.128004, 0, 0, 0, 0, 0
     223, 6.67303e-06, 0.00128122, 0.0993681, 0.763701, 0.126714, 0, 0, 0, 0, 0
     224, 6.61371e-06, 0.00130952, 0.100059, 0.763229, 0.126507, 0, 0, 0, 0, 0
     225, 6.55518e-06, 0.00131104, 0.100242, 0.764656, 0.124935, 0, 0, 0, 0, 0
     226, 6.49743e-06, 0.00127999, 0.100463, 0.762974, 0.126466, 0, 0, 0, 0, 0
     227, 6.44044e-06, 0.00127521, 0.100194, 0.765092, 0.124661, 0, 0, 0, 0, 0
     228, 6.38419e-06, 0.00124492, 0.0997849, 0.766664, 0.123566, 0, 0, 0, 0, 0
     229, 6.32867e-06, 0.00129105, 0.100126, 0.766554, 0.123327, 0, 0, 0, 0, 0
     230, 6.27388e-06, 0.00126105, 0.0995978, 0.768343, 0.122134, 0, 0, 0, 0, 0
     231, 6.2198e-06, 0.00126884, 0.100537, 0.768468, 0.121099, 0, 0, 0, 0, 0
     232, 6.16641e-06, 0.00127028, 0.100913, 0.765979, 0.123248, 0, 0, 0, 0, 0
     233, 6.1137e-06, 0.00122274, 0.099635, 0.768486, 0.122103, 0, 0, 0, 0, 0
     234, 6.06167e-06, 0.00123658, 0.100739, 0.767965, 0.121543, 0, 0, 0, 0, 0
     235, 6.0103e-06, 0.00124413, 0.099777, 0.769252, 0.121246, 0, 0, 0, 0, 0
     236, 5.95958e-06, 0.00124555, 0.101021, 0.769603, 0.119686, 0, 0, 0, 0, 0
     237, 5.9095e-06, 0.00123509, 0.100905, 0.769973, 0.119478, 0, 0, 0, 0, 0
     238, 5.86005e-06, 0.00121889, 0.100558, 0.770702, 0.119147, 0, 0, 0, 0, 0
     239, 5.81122e-06, 0.00120292, 0.0995984, 0.771398, 0.119461, 0, 0, 0, 0, 0
     240, 5.76299e-06, 0.0011987, 0.100368, 0.773762, 0.116366, 0, 0, 0, 0, 0
     241, 5.71536e-06, 0.00119451, 0.0996645, 0.771505, 0.119365, 0, 0, 0, 0, 0
     242, 5.66832e-06, 0.00123569, 0.100392, 0.771997, 0.118139, 0, 0, 0, 0, 0
     243, 5.62186e-06, 0.00116935, 0.0997206, 0.774108, 0.1168, 0, 0, 0, 0, 0
     244, 5.57597e-06, 0.00120441, 0.100161, 0.773733, 0.116733, 0, 0, 0, 0, 0
     245, 5.53064e-06, 0.00118909, 0.0997506, 0.773426, 0.117498, 0, 0, 0, 0, 0
     246, 5.48585e-06, 0.00119043, 0.100676, 0.774861, 0.11517, 0, 0, 0, 0, 0
     247, 5.44161e-06, 0.00116995, 0.0994781, 0.774113, 0.117169, 0, 0, 0, 0, 0
     248, 5.39791e-06, 0.00114436, 0.0998397, 0.776235, 0.114743, 0, 0, 0, 0, 0
     249, 5.35472e-06, 0.00118875, 0.100444, 0.77629, 0.114072, 0, 0, 0, 0, 0
     250, 5.31206e-06, 0.00116334, 0.0999357, 0.775523, 0.115404, 0, 0, 0, 0, 0
     251, 5.2699e-06, 0.00116465, 0.100223, 0.776967, 0.113703, 0, 0, 0, 0, 0
     252, 5.22824e-06, 0.00115544, 0.100095, 0.778202, 0.112637, 0, 0, 0, 0, 0
     253, 5.18707e-06, 0.00116709, 0.100339, 0.776847, 0.113768, 0, 0, 0, 0, 0
     254, 5.14639e-06, 0.00112706, 0.100401, 0.777419, 0.113205, 0, 0, 0, 0, 0
     255, 5.10618e-06, 0.00113868, 0.0999127, 0.78048, 0.110651, 0, 0, 0, 0, 0
     256, 5.06645e-06, 0.00116022, 0.100564, 0.778677, 0.111811, 0, 0, 0, 0, 0
     257, 5.02717e-06, 0.00108587, 0.098975, 0.780438, 0.111744, 0, 0, 0, 0, 0
     258, 4.98835e-06, 0.00116229, 0.100076, 0.779146, 0.111889, 0, 0, 0, 0, 0
     259, 4.94998e-06, 0.0011088, 0.0996629, 0.780142, 0.111389, 0, 0, 0, 0, 0
     260, 4.91205e-06, 0.00112486, 0.100427, 0.779719, 0.111061, 0, 0, 0, 0, 0
     261, 4.87455e-06, 0.00114552, 0.10085, 0.78125, 0.109117, 0, 0, 0, 0, 0
     262, 4.83748e-06, 0.00109327, 0.100663, 0.779899, 0.110735, 0, 0, 0, 0, 0
     263, 4.80084e-06, 0.00111379, 0.100001, 0.781826, 0.109478, 0, 0, 0, 0, 0
     264, 4.7646e-06, 0.00111968, 0.1007, 0.783239, 0.107389, 0, 0, 0, 0, 0
     265, 4.72878e-06, 0.0010687, 0.0996591, 0.783521, 0.108228, 0, 0, 0, 0, 0
     266, 4.69336e-06, 0.00109825, 0.0995508, 0.783683, 0.108173, 0, 0, 0, 0, 0
     267, 4.65833e-06, 0.00108539, 0.100392, 0.783681, 0.107375, 0, 0, 0, 0, 0
     268, 4.6237e-06, 0.00110506, 0.100815, 0.783805, 0.106835, 0, 0, 0, 0, 0
     269, 4.58945e-06, 0.00107852, 0.0999628, 0.784186, 0.107361, 0, 0, 0, 0, 0
     270, 4.55558e-06, 0.00107512, 0.100628, 0.78469, 0.106222, 0, 0, 0, 0, 0
     271, 4.52208e-06, 0.00109434, 0.0999742, 0.784333, 0.107241, 0, 0, 0, 0, 0
     272, 4.48895e-06, 0.00105042, 0.099987, 0.786721, 0.104911, 0, 0, 0, 0, 0
     273, 4.45619e-06, 0.00108285, 0.0998899, 0.787123, 0.1046, 0, 0, 0, 0, 0
     274, 4.42378e-06, 0.00105286, 0.100588, 0.786747, 0.104335, 0, 0, 0, 0, 0
     275, 4.39172e-06, 0.00104084, 0.10036, 0.787572, 0.103776, 0, 0, 0, 0, 0
     276, 4.36002e-06, 0.00107256, 0.100681, 0.786202, 0.104819, 0, 0, 0, 0, 0
     277, 4.32865e-06, 0.00105186, 0.100191, 0.786026, 0.105532, 0, 0, 0, 0, 0
     278, 4.29762e-06, 0.00105292, 0.100109, 0.789412, 0.102253, 0, 0, 0, 0, 0
     279, 4.26692e-06, 0.00102833, 0.0997137, 0.789701, 0.10241, 0, 0, 0, 0, 0
     280, 4.23655e-06, 0.00105914, 0.100618, 0.787952, 0.103249, 0, 0, 0, 0, 0
     281, 4.20651e-06, 0.00100535, 0.100111, 0.789397, 0.102391, 0, 0, 0, 0, 0
     282, 4.17678e-06, 0.00105672, 0.100765, 0.789979, 0.101128, 0, 0, 0, 0, 0
     283, 4.14736e-06, 0.00102855, 0.100188, 0.789413, 0.102324, 0, 0, 0, 0, 0
     284, 4.11826e-06, 0.00101309, 0.0998966, 0.790574, 0.101495, 0, 0, 0, 0, 0
     285, 4.08946e-06, 0.00103463, 0.100548, 0.790129, 0.101292, 0, 0, 0, 0, 0
     286, 4.06096e-06, 0.000990875, 0.0994246, 0.79002, 0.102592, 0, 0, 0, 0, 0
     287, 4.03276e-06, 0.00105658, 0.101073, 0.790308, 0.100613, 0, 0, 0, 0, 0
     288, 4.00485e-06, 0.00101323, 0.100426, 0.79176, 0.0998771, 0, 0, 0, 0, 0
     289, 3.97723e-06, 0.000994309, 0.100314, 0.791633, 0.100159, 0, 0, 0, 0, 0
     290, 3.9499e-06, 0.00101907, 0.0998732, 0.792808, 0.0994229, 0, 0, 0, 0, 0
     291, 3.92285e-06, 0.00099248, 0.100464, 0.792944, 0.0987459, 0, 0, 0, 0, 0
     292, 3.89607e-06, 0.000997394, 0.0999965, 0.792523, 0.0996536, 0, 0, 0, 0, 0
     293, 3.86956e-06, 0.000998348, 0.0996452, 0.794642, 0.0979077, 0, 0, 0, 0, 0
     294, 3.84333e-06, 0.000987736, 0.100257, 0.794032, 0.0979396, 0, 0, 0, 0, 0
     295, 3.81736e-06, 0.000988697, 0.0999347, 0.794447, 0.0978695, 0, 0, 0, 0, 0
     296, 3.79166e-06, 0.000970664, 0.100119, 0.794519, 0.0976541, 0, 0, 0, 0, 0
     297, 3.76621e-06, 0.000986747, 0.100174, 0.795913, 0.0962116, 0, 0, 0, 0, 0
     298, 3.74102e-06, 0.00099511, 0.100106, 0.795303, 0.0969036, 0, 0, 0, 0, 0
     299, 3.71608e-06, 0.000962464, 0.099955, 0.796459, 0.0959528, 0, 0, 0, 0, 0
     300, 3.69139e-06, 0.000974526, 0.101059, 0.796546, 0.0947726, 0, 0, 0, 0, 0
     301, 3.66694e-06, 0.000953404, 0.0994327, 0.796573, 0.0964148, 0, 0, 0, 0, 0
     302, 3.64274e-06, 0.000958039, 0.100237, 0.796914, 0.0952867, 0, 0, 0, 0, 0
     303, 3.61877e-06, 0.000944499, 0.0999975, 0.797953, 0.0945223, 0, 0, 0, 0, 0
     304, 3.59504e-06, 0.000977851, 0.100212, 0.796855, 0.0953944, 0, 0, 0, 0, 0
     305, 3.57154e-06, 0.000960745, 0.0993103, 0.798572, 0.0946173, 0, 0, 0, 0, 0
     306, 3.54828e-06, 0.000936745, 0.0999904, 0.798816, 0.0937384, 0, 0, 0, 0, 0
     307, 3.52524e-06, 0.000951814, 0.0992706, 0.799079, 0.0942013, 0, 0, 0, 0, 0
     308, 3.50242e-06, 0.000924638, 0.100026, 0.799546, 0.0930277, 0, 0, 0, 0, 0
     309, 3.47982e-06, 0.000963911, 0.100452, 0.800269, 0.0918603, 0, 0, 0, 0, 0
     310, 3.45744e-06, 0.000943882, 0.100007, 0.798735, 0.09388, 0, 0, 0, 0, 0
     311, 3.43528e-06, 0.000941267, 0.100286, 0.800352, 0.0920071, 0, 0, 0, 0, 0
     312, 3.41333e-06, 0.000931839, 0.100673, 0.799781, 0.0922214, 0, 0, 0, 0, 0
     313, 3.39159e-06, 0.000912338, 0.0995092, 0.800764, 0.0924412, 0, 0, 0, 0, 0
     314, 3.37006e-06, 0.000960466, 0.100755, 0.800537, 0.0913959, 0, 0, 0, 0, 0
     315, 3.34873e-06, 0.000900807, 0.0999796, 0.801682, 0.0911054, 0, 0, 0, 0, 0
     316, 3.3276e-06, 0.00094171, 0.100507, 0.801063, 0.0911762, 0, 0, 0, 0, 0
     317, 3.30667e-06, 0.000929174, 0.100543, 0.801081, 0.091155, 0, 0, 0, 0, 0
     318, 3.28594e-06, 0.000910205, 0.100648, 0.801887, 0.0902812, 0, 0, 0, 0, 0
     319, 3.2654e-06, 0.000917578, 0.0997286, 0.802188, 0.0909121, 0, 0, 0, 0, 0
     320, 3.24506e-06, 0.000902126, 0.100155, 0.802136, 0.0905728, 0, 0, 0, 0, 0
     321, 3.2249e-06, 0.000912647, 0.100153, 0.804226, 0.0884945, 0, 0, 0, 0, 0
     322, 3.20493e-06, 0.000903791, 0.0999811, 0.802467, 0.0904528, 0, 0, 0, 0, 0
     323, 3.18515e-06, 0.000891842, 0.100007, 0.804212, 0.0887128, 0, 0, 0, 0, 0
     324, 3.16555e-06, 0.000902181, 0.0999047, 0.804777, 0.0882587, 0, 0, 0, 0, 0
     325, 3.14613e-06, 0.000906085, 0.100078, 0.804352, 0.0885258, 0, 0, 0, 0, 0
     326, 3.12689e-06, 0.000900543, 0.100801, 0.804204, 0.0879749, 0, 0, 0, 0, 0
     327, 3.10782e-06, 0.000891944, 0.100028, 0.806032, 0.0869475, 0, 0, 0, 0, 0
     328, 3.08893e-06, 0.000895789, 0.100504, 0.803618, 0.0888993, 0, 0, 0, 0, 0
     329, 3.07021e-06, 0.00088729, 0.0999045, 0.805687, 0.0874579, 0, 0, 0, 0, 0
     330, 3.05166e-06, 0.000875825, 0.100522, 0.805863, 0.0866945, 0, 0, 0, 0, 0
     331, 3.03327e-06, 0.000888749, 0.100195, 0.806307, 0.0865817, 0, 0, 0, 0, 0
     332, 3.01505e-06, 0.000874366, 0.100281, 0.806654, 0.0861823, 0, 0, 0, 0, 0
     333, 2.997e-06, 0.000872127, 0.10034, 0.807455, 0.0853426, 0, 0, 0, 0, 0
     334, 2.97911e-06, 0.000887774, 0.100393, 0.807127, 0.0856196, 0, 0, 0, 0, 0
     335, 2.96137e-06, 0.00086176, 0.0999582, 0.808212, 0.0850122, 0, 0, 0, 0, 0
     336, 2.9438e-06, 0.000874309, 0.100142, 0.807793, 0.0852524, 0, 0, 0, 0, 0
     337, 2.92638e-06, 0.000842798, 0.0994267, 0.807737, 0.0860736, 0, 0, 0, 0, 0
     338, 2.90912e-06, 0.00088728, 0.100458, 0.808141, 0.0846116, 0, 0, 0, 0, 0
     339, 2.892e-06, 0.000858925, 0.100697, 0.8087, 0.0838594, 0, 0, 0, 0, 0
     340, 2.87504e-06, 0.000856763, 0.100506, 0.8087, 0.0840691, 0, 0, 0, 0, 0
     341, 2.85823e-06, 0.000866043, 0.100152, 0.808956, 0.0841748, 0, 0, 0, 0, 0
     342, 2.84156e-06, 0.000832578, 0.100304, 0.809462, 0.0835675, 0, 0, 0, 0, 0
     343, 2.82504e-06, 0.000864463, 0.100187, 0.809375, 0.0837569, 0, 0, 0, 0, 0
     344, 2.80867e-06, 0.000839791, 0.100185, 0.810365, 0.0828107, 0, 0, 0, 0, 0
     345, 2.79243e-06, 0.000846106, 0.100427, 0.809615, 0.0833289, 0, 0, 0, 0, 0
     346, 2.77634e-06, 0.000846782, 0.0999453, 0.810537, 0.0829042, 0, 0, 0, 0, 0
     347, 2.76038e-06, 0.000828114, 0.0994482, 0.811146, 0.082828, 0, 0, 0, 0, 0
     348, 2.74456e-06, 0.000837091, 0.100015, 0.81219, 0.0812253, 0, 0, 0, 0, 0
     349, 2.72888e-06, 0.000824121, 0.0987908, 0.811361, 0.0833072, 0, 0, 0, 0, 0
     350, 2.71333e-06, 0.000841132, 0.10003, 0.81246, 0.0809684, 0, 0, 0, 0, 0
     351, 2.69791e-06, 0.000830957, 0.100133, 0.812465, 0.0808861, 0, 0, 0, 0, 0
     352, 2.68263e-06, 0.000826249, 0.10037, 0.811481, 0.0816538, 0, 0, 0, 0, 0
     353, 2.66747e-06, 0.000818913, 0.0998301, 0.812373, 0.0813258, 0, 0, 0, 0, 0
     354, 2.65244e-06, 0.00082491, 0.0998645, 0.812897, 0.0807775, 0, 0, 0, 0, 0
     355, 2.63754e-06, 0.000822913, 0.100103, 0.812381, 0.0810727, 0, 0, 0, 0, 0
     356, 2.62277e-06, 0.000820925, 0.0999903, 0.813107, 0.0804769, 0, 0, 0, 0, 0
     357, 2.60811e-06, 0.000818947, 0.100222, 0.813322, 0.0800482, 0, 0, 0, 0, 0
     358, 2.59358e-06, 0.000824759, 0.100066, 0.813638, 0.0798979, 0, 0, 0, 0, 0
     359, 2.57917e-06, 0.000799544, 0.0998656, 0.814924, 0.0788531, 0, 0, 0, 0, 0
     360, 2.56489e-06, 0.000810504, 0.09991, 0.815162, 0.0785753, 0, 0, 0, 0, 0
     361, 2.55071e-06, 0.000803475, 0.0997253, 0.814504, 0.0794395, 0, 0, 0, 0, 0
     362, 2.53666e-06, 0.000814268, 0.100241, 0.814568, 0.0788648, 0, 0, 0, 0, 0
     363, 2.52272e-06, 0.000809794, 0.100006, 0.815233, 0.0784542, 0, 0, 0, 0, 0
     364, 2.5089e-06, 0.000780268, 0.0993048, 0.81475, 0.0796827, 0, 0, 0, 0, 0
     365, 2.49519e-06, 0.000823413, 0.100681, 0.815483, 0.0775455, 0, 0, 0, 0, 0
     366, 2.48159e-06, 0.00077922, 0.100155, 0.816603, 0.0770113, 0, 0, 0, 0, 0
     367, 2.46811e-06, 0.000804603, 0.0997954, 0.816553, 0.0774097, 0, 0, 0, 0, 0
     368, 2.45473e-06, 0.000802696, 0.1006, 0.81522, 0.0779548, 0, 0, 0, 0, 0
     369, 2.44146e-06, 0.000783709, 0.100259, 0.816834, 0.0767156, 0, 0, 0, 0, 0
     370, 2.4283e-06, 0.00079891, 0.100092, 0.81671, 0.0770062, 0, 0, 0, 0, 0
     371, 2.41524e-06, 0.000765632, 0.0996843, 0.81734, 0.0768313, 0, 0, 0, 0, 0
     372, 2.40229e-06, 0.000795159, 0.100601, 0.817149, 0.0760902, 0, 0, 0, 0, 0
     373, 2.38945e-06, 0.000781349, 0.0993173, 0.817269, 0.0772819, 0, 0, 0, 0, 0
     374, 2.3767e-06, 0.000781935, 0.100328, 0.817754, 0.0758002, 0, 0, 0, 0, 0
     375, 2.36406e-06, 0.000775412, 0.0998579, 0.818705, 0.0753402, 0, 0, 0, 0, 0
     376, 2.35152e-06, 0.000780704, 0.0996762, 0.818505, 0.0757307, 0, 0, 0, 0, 0
     377, 2.33908e-06, 0.000778913, 0.100396, 0.818782, 0.0747499, 0, 0, 0, 0, 0
     378, 2.32673e-06, 0.000767822, 0.100164, 0.818945, 0.0748441, 0, 0, 0, 0, 0
     379, 2.31449e-06, 0.000773039, 0.0999118, 0.818417, 0.0756328, 0, 0, 0, 0, 0
     380, 2.30234e-06, 0.000757469, 0.100391, 0.819248, 0.0743517, 0, 0, 0, 0, 0
     381, 2.29028e-06, 0.000771826, 0.0998816, 0.819608, 0.0745007, 0, 0, 0, 0, 0
     382, 2.27832e-06, 0.000767795, 0.100162, 0.819422, 0.0744238, 0, 0, 0, 0, 0
     383, 2.26646e-06, 0.000754731, 0.100177, 0.819778, 0.0740792, 0, 0, 0, 0, 0
     384, 2.25468e-06, 0.000766593, 0.100207, 0.820865, 0.0729639, 0, 0, 0, 0, 0
     385, 2.243e-06, 0.000758135, 0.0995198, 0.820522, 0.0740168, 0, 0, 0, 0, 0
     386, 2.23141e-06, 0.00075868, 0.100081, 0.821184, 0.0728065, 0, 0, 0, 0, 0
     387, 2.21991e-06, 0.000765868, 0.100409, 0.821539, 0.0721293, 0, 0, 0, 0, 0
     388, 2.2085e-06, 0.000737637, 0.100358, 0.820752, 0.0730084, 0, 0, 0, 0, 0
     389, 2.19717e-06, 0.000760221, 0.100206, 0.820445, 0.073458, 0, 0, 0, 0, 0
     390, 2.18593e-06, 0.00075196, 0.100057, 0.821941, 0.0721335, 0, 0, 0, 0, 0
     391, 2.17478e-06, 0.000743774, 0.100316, 0.821303, 0.0725332, 0, 0, 0, 0, 0
     392, 2.16371e-06, 0.000757299, 0.100398, 0.821881, 0.071872, 0, 0, 0, 0, 0
     393, 2.15273e-06, 0.000725469, 0.100496, 0.822015, 0.0716858, 0, 0, 0, 0, 0
     394, 2.14183e-06, 0.000751781, 0.0997985, 0.822682, 0.071702, 0, 0, 0, 0, 0
     395, 2.13101e-06, 0.000728806, 0.0997419, 0.822986, 0.0714911, 0, 0, 0, 0, 0
     396, 2.12027e-06, 0.000744216, 0.10059, 0.822236, 0.0713896, 0, 0, 0, 0, 0
     397, 2.10962e-06, 0.000736257, 0.0999854, 0.82291, 0.071341, 0, 0, 0, 0, 0
     398, 2.09905e-06, 0.000724171, 0.100208, 0.823582, 0.0704713, 0, 0, 0, 0, 0
     399, 2.08855e-06, 0.00074979, 0.100048, 0.82423, 0.0699706, 0, 0, 0, 0, 0
     400, 2.07813e-06, 0.000714878, 0.0999645, 0.824013, 0.0703178, 0, 0, 0, 0, 0
     401, 2.06779e-06, 0.000731999, 0.100371, 0.823565, 0.0703546, 0, 0, 0, 0, 0
     402, 2.05753e-06, 0.000734539, 0.099957, 0.824803, 0.0695405, 0, 0, 0, 0, 0
     403, 2.04735e-06, 0.000716571, 0.100236, 0.824241, 0.0698534, 0, 0, 0, 0, 0
     404, 2.03724e-06, 0.00071507, 0.0999753, 0.824608, 0.0697611, 0, 0, 0, 0, 0
     405, 2.0272e-06, 0.000725738, 0.0998701, 0.825616, 0.06886, 0, 0, 0, 0, 0
     406, 2.01724e-06, 0.000722172, 0.100523, 0.823847, 0.0699922, 0, 0, 0, 0, 0
     407, 2.00735e-06, 0.00071261, 0.100022, 0.824885, 0.0694764, 0, 0, 0, 0, 0
     408, 1.99754e-06, 0.000723108, 0.100842, 0.825669, 0.0678742, 0, 0, 0, 0, 0
     409, 1.98779e-06, 0.000703678, 0.0997573, 0.826408, 0.0682508, 0, 0, 0, 0, 0
     410, 1.97812e-06, 0.000714101, 0.0998673, 0.826454, 0.0680967, 0, 0, 0, 0, 0
     411, 1.96852e-06, 0.000712603, 0.0998096, 0.826656, 0.067965, 0, 0, 0, 0, 0
     412, 1.95898e-06, 0.000699357, 0.099291, 0.827465, 0.0677005, 0, 0, 0, 0, 0
     413, 1.94952e-06, 0.000713524, 0.0999889, 0.825978, 0.0684866, 0, 0, 0, 0, 0
     414, 1.94012e-06, 0.000706205, 0.100295, 0.827246, 0.0669323, 0, 0, 0, 0, 0
     415, 1.9308e-06, 0.000695087, 0.0997758, 0.8268, 0.0679196, 0, 0, 0, 0, 0
     416, 1.92154e-06, 0.000709047, 0.100099, 0.827058, 0.0673364, 0, 0, 0, 0, 0
     417, 1.91234e-06, 0.000699917, 0.100193, 0.8274, 0.0669205, 0, 0, 0, 0, 0
     418, 1.90321e-06, 0.000696576, 0.100103, 0.827609, 0.0668161, 0, 0, 0, 0, 0
     419, 1.89415e-06, 0.00070273, 0.100273, 0.828447, 0.0658142, 0, 0, 0, 0, 0
     420, 1.88515e-06, 0.000688081, 0.0999791, 0.828755, 0.0658258, 0, 0, 0, 0, 0
     421, 1.87622e-06, 0.000703582, 0.0997867, 0.828045, 0.066724, 0, 0, 0, 0, 0
     422, 1.86735e-06, 0.000683449, 0.100299, 0.828245, 0.0660425, 0, 0, 0, 0, 0
     423, 1.85854e-06, 0.000693235, 0.100439, 0.828526, 0.0656232, 0, 0, 0, 0, 0
     424, 1.84979e-06, 0.000695522, 0.0999924, 0.828652, 0.0659525, 0, 0, 0, 0, 0
     425, 1.84111e-06, 0.000686734, 0.100143, 0.82883, 0.0656429, 0, 0, 0, 0, 0
     426, 1.83249e-06, 0.000696344, 0.100266, 0.829372, 0.0649799, 0, 0, 0, 0, 0
     427, 1.82392e-06, 0.000663908, 0.099391, 0.829283, 0.0659877, 0, 0, 0, 0, 0
     428, 1.81542e-06, 0.000691675, 0.100276, 0.830051, 0.0643167, 0, 0, 0, 0, 0
     429, 1.80698e-06, 0.000679423, 0.099848, 0.830672, 0.0641476, 0, 0, 0, 0, 0
     430, 1.79859e-06, 0.000690659, 0.100723, 0.82897, 0.0649741, 0, 0, 0, 0, 0
     431, 1.79026e-06, 0.000669559, 0.100294, 0.830213, 0.0641917, 0, 0, 0, 0, 0
     432, 1.78199e-06, 0.000682504, 0.100275, 0.830395, 0.0640271, 0, 0, 0, 0, 0
     433, 1.77378e-06, 0.000677585, 0.0996209, 0.83048, 0.0646118, 0, 0, 0, 0, 0
     434, 1.76563e-06, 0.00066211, 0.0999451, 0.830696, 0.0640976, 0, 0, 0, 0, 0
     435, 1.75753e-06, 0.000687193, 0.100553, 0.831341, 0.0628299, 0, 0, 0, 0, 0
     436, 1.74948e-06, 0.000664804, 0.0999358, 0.830848, 0.0639734, 0, 0, 0, 0, 0
     437, 1.7415e-06, 0.000679183, 0.100286, 0.831122, 0.0633452, 0, 0, 0, 0, 0
     438, 1.73356e-06, 0.00065702, 0.100335, 0.832174, 0.0622765, 0, 0, 0, 0, 0
     439, 1.72568e-06, 0.000660936, 0.10005, 0.831306, 0.0634361, 0, 0, 0, 0, 0
     440, 1.71786e-06, 0.000668246, 0.100192, 0.831911, 0.0626914, 0, 0, 0, 0, 0
     441, 1.71008e-06, 0.000663512, 0.0998449, 0.83279, 0.0621752, 0, 0, 0, 0, 0
     442, 1.70236e-06, 0.000658814, 0.100189, 0.832035, 0.062601, 0, 0, 0, 0, 0
     443, 1.69469e-06, 0.000657541, 0.100024, 0.832962, 0.0618496, 0, 0, 0, 0, 0
     444, 1.68708e-06, 0.000647838, 0.0999408, 0.833116, 0.0617993, 0, 0, 0, 0, 0
     445, 1.67951e-06, 0.000656689, 0.0997798, 0.832627, 0.062451, 0, 0, 0, 0, 0
     446, 1.672e-06, 0.000655423, 0.0998249, 0.833292, 0.0617519, 0, 0, 0, 0, 0
     447, 1.66453e-06, 0.000647503, 0.0997488, 0.833603, 0.0615345, 0, 0, 0, 0, 0
     448, 1.65712e-06, 0.000662848, 0.100241, 0.833088, 0.061552, 0, 0, 0, 0, 0
     449, 1.64975e-06, 0.000643404, 0.100312, 0.832529, 0.0620703, 0, 0, 0, 0, 0
     450, 1.64244e-06, 0.000655333, 0.100345, 0.833595, 0.0609689, 0, 0, 0, 0, 0
     451, 1.63517e-06, 0.000642622, 0.0996326, 0.833793, 0.0615053, 0, 0, 0, 0, 0
     452, 1.62795e-06, 0.000646297, 0.0998129, 0.834973, 0.0601512, 0, 0, 0, 0, 0
     453, 1.62078e-06, 0.000648312, 0.0998935, 0.834821, 0.0602298, 0, 0, 0, 0, 0
     454, 1.61366e-06, 0.000648689, 0.100453, 0.834512, 0.0599893, 0, 0, 0, 0, 0
     455, 1.60658e-06, 0.000641025, 0.0999613, 0.834916, 0.060094, 0, 0, 0, 0, 0
     456, 1.59955e-06, 0.000628622, 0.100088, 0.835042, 0.059863, 0, 0, 0, 0, 0
     457, 1.59256e-06, 0.00065295, 0.10026, 0.834775, 0.059944, 0, 0, 0, 0, 0
     458, 1.58562e-06, 0.000632664, 0.0999434, 0.835747, 0.0593182, 0, 0, 0, 0, 0
     459, 1.57873e-06, 0.000636228, 0.100338, 0.835552, 0.059125, 0, 0, 0, 0, 0
     460, 1.57188e-06, 0.000636611, 0.0998238, 0.835335, 0.059865, 0, 0, 0, 0, 0
     461, 1.56508e-06, 0.00063229, 0.100146, 0.83582, 0.0590706, 0, 0, 0, 0, 0
     462, 1.55831e-06, 0.000634234, 0.09993, 0.836103, 0.0590118, 0, 0, 0, 0, 0
     463, 1.5516e-06, 0.000626845, 0.100233, 0.835478, 0.0593502, 0, 0, 0, 0, 0
     464, 1.54492e-06, 0.000641143, 0.100392, 0.836215, 0.0584491, 0, 0, 0, 0, 0
     465, 1.53829e-06, 0.000619932, 0.0998368, 0.836615, 0.0586351, 0, 0, 0, 0, 0
     466, 1.53171e-06, 0.000629531, 0.0999637, 0.836193, 0.0589293, 0, 0, 0, 0, 0
     467, 1.52516e-06, 0.000622265, 0.0999437, 0.836985, 0.0581742, 0, 0, 0, 0, 0
     468, 1.51866e-06, 0.000624168, 0.0999777, 0.83723, 0.0579018, 0, 0, 0, 0, 0
     469, 1.51219e-06, 0.000623024, 0.0997987, 0.837085, 0.0582361, 0, 0, 0, 0, 0
     470, 1.50577e-06, 0.000626401, 0.100259, 0.837057, 0.0578096, 0, 0, 0, 0, 0
     471, 1.49939e-06, 0.000614751, 0.10021, 0.838, 0.0569364, 0, 0, 0, 0, 0
     472, 1.49305e-06, 0.000628575, 0.100146, 0.837792, 0.0572033, 0, 0, 0, 0, 0
     473, 1.48675e-06, 0.000617002, 0.10006, 0.838121, 0.0569813, 0, 0, 0, 0, 0
     474, 1.48049e-06, 0.000608482, 0.100299, 0.837695, 0.0571855, 0, 0, 0, 0, 0
     475, 1.47427e-06, 0.000623617, 0.0997817, 0.837686, 0.0577059, 0, 0, 0, 0, 0
     476, 1.46809e-06, 0.00061513, 0.09993, 0.83793, 0.0573304, 0, 0, 0, 0, 0
     477, 1.46195e-06, 0.000612556, 0.100385, 0.838442, 0.0563756, 0, 0, 0, 0, 0
     478, 1.45584e-06, 0.000607087, 0.100153, 0.838615, 0.0564474, 0, 0, 0, 0, 0
     479, 1.44978e-06, 0.000614706, 0.100196, 0.839033, 0.055989, 0, 0, 0, 0, 0
     480, 1.44375e-06, 0.000606375, 0.0999897, 0.839646, 0.0555988, 0, 0, 0, 0, 0
     481, 1.43776e-06, 0.000611047, 0.0998437, 0.839106, 0.0562883, 0, 0, 0, 0, 0
     482, 1.43181e-06, 0.00060279, 0.100248, 0.839175, 0.0558318, 0, 0, 0, 0, 0
     483, 1.42589e-06, 0.000596021, 0.0999377, 0.839274, 0.0560588, 0, 0, 0, 0, 0
     484, 1.42001e-06, 0.000613444, 0.100424, 0.839178, 0.0556587, 0, 0, 0, 0, 0
     485, 1.41417e-06, 0.000602434, 0.0999051, 0.839598, 0.0557775, 0, 0, 0, 0, 0
     486, 1.40836e-06, 0.000604185, 0.100306, 0.839887, 0.0550949, 0, 0, 0, 0, 0
     487, 1.40259e-06, 0.000597501, 0.0995639, 0.840087, 0.0556518, 0, 0, 0, 0, 0
     488, 1.39685e-06, 0.000603439, 0.100495, 0.839976, 0.0548347, 0, 0, 0, 0, 0
     489, 1.39115e-06, 0.000595411, 0.0999706, 0.840676, 0.0546749, 0, 0, 0, 0, 0
     490, 1.38548e-06, 0.000590215, 0.0995953, 0.840484, 0.0552558, 0, 0, 0, 0, 0
     491, 1.37985e-06, 0.000605754, 0.100247, 0.840684, 0.0543964, 0, 0, 0, 0, 0
     492, 1.37425e-06, 0.000586805, 0.100175, 0.840638, 0.0545427, 0, 0, 0, 0, 0
     493, 1.36869e-06, 0.000589904, 0.099869, 0.841392, 0.0540987, 0, 0, 0, 0, 0
     494, 1.36316e-06, 0.000592973, 0.0995091, 0.841459, 0.0543968, 0, 0, 0, 0, 0
     495, 1.35766e-06, 0.000589225, 0.100254, 0.841868, 0.0532556, 0, 0, 0, 0, 0
     496, 1.3522e-06, 0.00059091, 0.0996624, 0.841637, 0.0540838, 0, 0, 0, 0, 0
     497, 1.34677e-06, 0.00058719, 0.100214, 0.841705, 0.0534761, 0, 0, 0, 0, 0
     498, 1.34137e-06, 0.00057813, 0.100348, 0.841975, 0.05309, 0, 0, 0, 0, 0
     499, 1.336e-06, 0.000595858, 0.0998542, 0.841742, 0.0538062, 0, 0, 0, 0, 0
